<Macros>

  <!-- ENABLED MACRO -->
  <Macro slot="1">
    <Name>BOM AUTOMATION</Name>
    <Tooltip>Creates a full multi-level BOM and exports it to Excel</Tooltip>
    <File>X:\ENGINEERING DOCS\-MACROS\Advance - Testing Now\Codes\BOM Automation- CPS AND Transitions.swp</File>
    <Module>Module1</Module>
    <Method>ExportBOM_SW2022</Method>
  </Macro>

  <!-- DISABLED / NOT YET CONFIGURED -->
  <Macro slot="2" />
  <Macro slot="3" />
  <Macro slot="4" />
  <Macro slot="5" />
  <Macro slot="6" />
  <Macro slot="7" />
  <Macro slot="8" />
  <Macro slot="9" />
  <Macro slot="10" />

</Macros>
