<?xml version='1.0' encoding='utf-8'?>
<FlexLinkPartsLibrary version="1.0"><Part family="X45" category="CHAIN" partno="FL-X45-CHAIN" unit="m" /><Part family="X45" category="SLIDE" partno="FL-X45-SLIDE" unit="m" /><Part family="X45" category="SUPPORT" partno="FL-X45-SUPPORT" unit="pcs" /><Part family="X45" category="BEAM" partno="FL-X45-BEAM-3000" unit="pcs" length_mm="3000" /><Part family="X45" category="BEAM" partno="FL-X45-BEAM-4000" unit="pcs" length_mm="4000" /><Part family="X65" category="CHAIN" partno="FL-X65-CHAIN" unit="m" /><Part family="X65" category="SLIDE" partno="FL-X65-SLIDE" unit="m" /><Part family="X65" category="SUPPORT" partno="FL-X65-SUPPORT" unit="pcs" /><Part family="X65" category="BEAM" partno="FL-X65-BEAM-3000" unit="pcs" length_mm="3000" /><Part family="X65" category="BEAM" partno="FL-X65-BEAM-4000" unit="pcs" length_mm="4000" /><Part family="X85" category="CHAIN" partno="FL-X85-CHAIN" unit="m" /><Part family="X85" category="SLIDE" partno="FL-X85-SLIDE" unit="m" /><Part family="X85" category="SUPPORT" partno="FL-X85-SUPPORT" unit="pcs" /><Part family="X85" category="BEAM" partno="FL-X85-BEAM-3000" unit="pcs" length_mm="3000" /><Part family="X85" category="BEAM" partno="FL-X85-BEAM-4000" unit="pcs" length_mm="4000" /><Part family="XK" category="CHAIN" partno="FL-XK-CHAIN" unit="m" /><Part family="XK" category="SLIDE" partno="FL-XK-SLIDE" unit="m" /><Part family="XK" category="SUPPORT" partno="FL-XK-SUPPORT" unit="pcs" /><Part family="XK" category="BEAM" partno="FL-XK-BEAM-3000" unit="pcs" length_mm="3000" /><Part family="XK" category="BEAM" partno="FL-XK-BEAM-4000" unit="pcs" length_mm="4000" /><Part family="XH" category="CHAIN" partno="FL-XH-CHAIN" unit="m" /><Part family="XH" category="SLIDE" partno="FL-XH-SLIDE" unit="m" /><Part family="XH" category="SUPPORT" partno="FL-XH-SUPPORT" unit="pcs" /><Part family="XH" category="BEAM" partno="FL-XH-BEAM-3000" unit="pcs" length_mm="3000" /><Part family="XH" category="BEAM" partno="FL-XH-BEAM-4000" unit="pcs" length_mm="4000" /><Part family="WL" category="CHAIN" partno="FL-WL-CHAIN" unit="m" /><Part family="WL" category="SLIDE" partno="FL-WL-SLIDE" unit="m" /><Part family="WL" category="SUPPORT" partno="FL-WL-SUPPORT" unit="pcs" /><Part family="WL" category="BEAM" partno="FL-WL-BEAM-3000" unit="pcs" length_mm="3000" /><Part family="WL" category="BEAM" partno="FL-WL-BEAM-4000" unit="pcs" length_mm="4000" /><Part family="XT" category="CHAIN" partno="FL-XT-CHAIN" unit="m" /><Part family="XT" category="SLIDE" partno="FL-XT-SLIDE" unit="m" /><Part family="XT" category="SUPPORT" partno="FL-XT-SUPPORT" unit="pcs" /><Part family="XT" category="BEAM" partno="FL-XT-BEAM-3000" unit="pcs" length_mm="3000" /><Part family="XT" category="BEAM" partno="FL-XT-BEAM-4000" unit="pcs" length_mm="4000" /><Part family="X300" category="CHAIN" partno="FL-X300-CHAIN" unit="m" /><Part family="X300" category="SLIDE" partno="FL-X300-SLIDE" unit="m" /><Part family="X300" category="SUPPORT" partno="FL-X300-SUPPORT" unit="pcs" /><Part family="X300" category="BEAM" partno="FL-X300-BEAM-3000" unit="pcs" length_mm="3000" /><Part family="X300" category="BEAM" partno="FL-X300-BEAM-4000" unit="pcs" length_mm="4000" /></FlexLinkPartsLibrary>