<?xml version='1.0' encoding='utf-8'?>
<FlexLinkLibrary version="2.0" description="Comprehensive FlexLink Conveyor Platforms"><Family name="X45"><Platform type="STRAIGHT" description="X45 Straight Conveyor"><Component category="CHAIN" partref="X45_CHAIN" unit="m" /><Component category="SLIDE" partref="X45_SLIDE" unit="m" /><Component category="SUPPORT" partref="X45_SUPPORT" unit="pcs" /><Component category="BEAM" partref="X45_BEAM_3000" unit="pcs" length_mm="3000" /><Component category="BEAM" partref="X45_BEAM_4000" unit="pcs" length_mm="4000" /></Platform><Platform type="CURVE" description="X45 Curve Conveyor"><Component category="CHAIN" partref="X45_CHAIN" unit="m" /><Component category="SLIDE" partref="X45_SLIDE" unit="m" /><Component category="SUPPORT" partref="X45_SUPPORT" unit="pcs" /><Component category="BEAM" partref="X45_BEAM_3000" unit="pcs" length_mm="3000" /><Component category="BEAM" partref="X45_BEAM_4000" unit="pcs" length_mm="4000" /><Component category="CURVE_WHEEL" partref="X45_CURVE_WHEEL" unit="pcs" /></Platform><Platform type="INCLINE" description="X45 Incline Conveyor"><Component category="CHAIN" partref="X45_CHAIN" unit="m" /><Component category="SLIDE" partref="X45_SLIDE" unit="m" /><Component category="SUPPORT" partref="X45_SUPPORT" unit="pcs" /><Component category="BEAM" partref="X45_BEAM_3000" unit="pcs" length_mm="3000" /><Component category="BEAM" partref="X45_BEAM_4000" unit="pcs" length_mm="4000" /><Component category="GUIDE_RAIL" partref="X45_GUIDE_RAIL" unit="m" /></Platform><Platform type="ACCUMULATION" description="X45 Accumulation Conveyor"><Component category="CHAIN" partref="X45_CHAIN" unit="m" /><Component category="SLIDE" partref="X45_SLIDE" unit="m" /><Component category="SUPPORT" partref="X45_SUPPORT" unit="pcs" /><Component category="BEAM" partref="X45_BEAM_3000" unit="pcs" length_mm="3000" /><Component category="BEAM" partref="X45_BEAM_4000" unit="pcs" length_mm="4000" /><Component category="ACCUMULATION_MODULE" partref="X45_ACCUM_MODULE" unit="set" /></Platform><Platform type="SPIRAL" description="X45 Spiral Conveyor"><Component category="CHAIN" partref="X45_CHAIN" unit="m" /><Component category="SLIDE" partref="X45_SLIDE" unit="m" /><Component category="SUPPORT" partref="X45_SUPPORT" unit="pcs" /><Component category="BEAM" partref="X45_BEAM_3000" unit="pcs" length_mm="3000" /><Component category="BEAM" partref="X45_BEAM_4000" unit="pcs" length_mm="4000" /><Component category="CURVE_WHEEL" partref="X45_CURVE_WHEEL" unit="pcs" /></Platform><Platform type="MERGING" description="X45 Merging Conveyor"><Component category="CHAIN" partref="X45_CHAIN" unit="m" /><Component category="SLIDE" partref="X45_SLIDE" unit="m" /><Component category="SUPPORT" partref="X45_SUPPORT" unit="pcs" /><Component category="BEAM" partref="X45_BEAM_3000" unit="pcs" length_mm="3000" /><Component category="BEAM" partref="X45_BEAM_4000" unit="pcs" length_mm="4000" /><Component category="TRANSFER_MODULE" partref="X45_TRANSFER" unit="set" /></Platform><Platform type="DIVERTING" description="X45 Diverting Conveyor"><Component category="CHAIN" partref="X45_CHAIN" unit="m" /><Component category="SLIDE" partref="X45_SLIDE" unit="m" /><Component category="SUPPORT" partref="X45_SUPPORT" unit="pcs" /><Component category="BEAM" partref="X45_BEAM_3000" unit="pcs" length_mm="3000" /><Component category="BEAM" partref="X45_BEAM_4000" unit="pcs" length_mm="4000" /><Component category="TRANSFER_MODULE" partref="X45_TRANSFER" unit="set" /></Platform></Family><Family name="X65"><Platform type="STRAIGHT" description="X65 Straight Conveyor"><Component category="CHAIN" partref="X65_CHAIN" unit="m" /><Component category="SLIDE" partref="X65_SLIDE" unit="m" /><Component category="SUPPORT" partref="X65_SUPPORT" unit="pcs" /><Component category="BEAM" partref="X65_BEAM_3000" unit="pcs" length_mm="3000" /><Component category="BEAM" partref="X65_BEAM_4000" unit="pcs" length_mm="4000" /></Platform><Platform type="CURVE" description="X65 Curve Conveyor"><Component category="CHAIN" partref="X65_CHAIN" unit="m" /><Component category="SLIDE" partref="X65_SLIDE" unit="m" /><Component category="SUPPORT" partref="X65_SUPPORT" unit="pcs" /><Component category="BEAM" partref="X65_BEAM_3000" unit="pcs" length_mm="3000" /><Component category="BEAM" partref="X65_BEAM_4000" unit="pcs" length_mm="4000" /><Component category="CURVE_WHEEL" partref="X65_CURVE_WHEEL" unit="pcs" /></Platform><Platform type="INCLINE" description="X65 Incline Conveyor"><Component category="CHAIN" partref="X65_CHAIN" unit="m" /><Component category="SLIDE" partref="X65_SLIDE" unit="m" /><Component category="SUPPORT" partref="X65_SUPPORT" unit="pcs" /><Component category="BEAM" partref="X65_BEAM_3000" unit="pcs" length_mm="3000" /><Component category="BEAM" partref="X65_BEAM_4000" unit="pcs" length_mm="4000" /><Component category="GUIDE_RAIL" partref="X65_GUIDE_RAIL" unit="m" /></Platform><Platform type="ACCUMULATION" description="X65 Accumulation Conveyor"><Component category="CHAIN" partref="X65_CHAIN" unit="m" /><Component category="SLIDE" partref="X65_SLIDE" unit="m" /><Component category="SUPPORT" partref="X65_SUPPORT" unit="pcs" /><Component category="BEAM" partref="X65_BEAM_3000" unit="pcs" length_mm="3000" /><Component category="BEAM" partref="X65_BEAM_4000" unit="pcs" length_mm="4000" /><Component category="ACCUMULATION_MODULE" partref="X65_ACCUM_MODULE" unit="set" /></Platform><Platform type="SPIRAL" description="X65 Spiral Conveyor"><Component category="CHAIN" partref="X65_CHAIN" unit="m" /><Component category="SLIDE" partref="X65_SLIDE" unit="m" /><Component category="SUPPORT" partref="X65_SUPPORT" unit="pcs" /><Component category="BEAM" partref="X65_BEAM_3000" unit="pcs" length_mm="3000" /><Component category="BEAM" partref="X65_BEAM_4000" unit="pcs" length_mm="4000" /><Component category="CURVE_WHEEL" partref="X65_CURVE_WHEEL" unit="pcs" /></Platform><Platform type="MERGING" description="X65 Merging Conveyor"><Component category="CHAIN" partref="X65_CHAIN" unit="m" /><Component category="SLIDE" partref="X65_SLIDE" unit="m" /><Component category="SUPPORT" partref="X65_SUPPORT" unit="pcs" /><Component category="BEAM" partref="X65_BEAM_3000" unit="pcs" length_mm="3000" /><Component category="BEAM" partref="X65_BEAM_4000" unit="pcs" length_mm="4000" /><Component category="TRANSFER_MODULE" partref="X65_TRANSFER" unit="set" /></Platform><Platform type="DIVERTING" description="X65 Diverting Conveyor"><Component category="CHAIN" partref="X65_CHAIN" unit="m" /><Component category="SLIDE" partref="X65_SLIDE" unit="m" /><Component category="SUPPORT" partref="X65_SUPPORT" unit="pcs" /><Component category="BEAM" partref="X65_BEAM_3000" unit="pcs" length_mm="3000" /><Component category="BEAM" partref="X65_BEAM_4000" unit="pcs" length_mm="4000" /><Component category="TRANSFER_MODULE" partref="X65_TRANSFER" unit="set" /></Platform></Family><Family name="X85"><Platform type="STRAIGHT" description="X85 Straight Conveyor"><Component category="CHAIN" partref="X85_CHAIN" unit="m" /><Component category="SLIDE" partref="X85_SLIDE" unit="m" /><Component category="SUPPORT" partref="X85_SUPPORT" unit="pcs" /><Component category="BEAM" partref="X85_BEAM_3000" unit="pcs" length_mm="3000" /><Component category="BEAM" partref="X85_BEAM_4000" unit="pcs" length_mm="4000" /></Platform><Platform type="CURVE" description="X85 Curve Conveyor"><Component category="CHAIN" partref="X85_CHAIN" unit="m" /><Component category="SLIDE" partref="X85_SLIDE" unit="m" /><Component category="SUPPORT" partref="X85_SUPPORT" unit="pcs" /><Component category="BEAM" partref="X85_BEAM_3000" unit="pcs" length_mm="3000" /><Component category="BEAM" partref="X85_BEAM_4000" unit="pcs" length_mm="4000" /><Component category="CURVE_WHEEL" partref="X85_CURVE_WHEEL" unit="pcs" /></Platform><Platform type="INCLINE" description="X85 Incline Conveyor"><Component category="CHAIN" partref="X85_CHAIN" unit="m" /><Component category="SLIDE" partref="X85_SLIDE" unit="m" /><Component category="SUPPORT" partref="X85_SUPPORT" unit="pcs" /><Component category="BEAM" partref="X85_BEAM_3000" unit="pcs" length_mm="3000" /><Component category="BEAM" partref="X85_BEAM_4000" unit="pcs" length_mm="4000" /><Component category="GUIDE_RAIL" partref="X85_GUIDE_RAIL" unit="m" /></Platform><Platform type="ACCUMULATION" description="X85 Accumulation Conveyor"><Component category="CHAIN" partref="X85_CHAIN" unit="m" /><Component category="SLIDE" partref="X85_SLIDE" unit="m" /><Component category="SUPPORT" partref="X85_SUPPORT" unit="pcs" /><Component category="BEAM" partref="X85_BEAM_3000" unit="pcs" length_mm="3000" /><Component category="BEAM" partref="X85_BEAM_4000" unit="pcs" length_mm="4000" /><Component category="ACCUMULATION_MODULE" partref="X85_ACCUM_MODULE" unit="set" /></Platform><Platform type="SPIRAL" description="X85 Spiral Conveyor"><Component category="CHAIN" partref="X85_CHAIN" unit="m" /><Component category="SLIDE" partref="X85_SLIDE" unit="m" /><Component category="SUPPORT" partref="X85_SUPPORT" unit="pcs" /><Component category="BEAM" partref="X85_BEAM_3000" unit="pcs" length_mm="3000" /><Component category="BEAM" partref="X85_BEAM_4000" unit="pcs" length_mm="4000" /><Component category="CURVE_WHEEL" partref="X85_CURVE_WHEEL" unit="pcs" /></Platform><Platform type="MERGING" description="X85 Merging Conveyor"><Component category="CHAIN" partref="X85_CHAIN" unit="m" /><Component category="SLIDE" partref="X85_SLIDE" unit="m" /><Component category="SUPPORT" partref="X85_SUPPORT" unit="pcs" /><Component category="BEAM" partref="X85_BEAM_3000" unit="pcs" length_mm="3000" /><Component category="BEAM" partref="X85_BEAM_4000" unit="pcs" length_mm="4000" /><Component category="TRANSFER_MODULE" partref="X85_TRANSFER" unit="set" /></Platform><Platform type="DIVERTING" description="X85 Diverting Conveyor"><Component category="CHAIN" partref="X85_CHAIN" unit="m" /><Component category="SLIDE" partref="X85_SLIDE" unit="m" /><Component category="SUPPORT" partref="X85_SUPPORT" unit="pcs" /><Component category="BEAM" partref="X85_BEAM_3000" unit="pcs" length_mm="3000" /><Component category="BEAM" partref="X85_BEAM_4000" unit="pcs" length_mm="4000" /><Component category="TRANSFER_MODULE" partref="X85_TRANSFER" unit="set" /></Platform></Family><Family name="XK"><Platform type="STRAIGHT" description="XK Straight Conveyor"><Component category="CHAIN" partref="XK_CHAIN" unit="m" /><Component category="SLIDE" partref="XK_SLIDE" unit="m" /><Component category="SUPPORT" partref="XK_SUPPORT" unit="pcs" /><Component category="BEAM" partref="XK_BEAM_3000" unit="pcs" length_mm="3000" /><Component category="BEAM" partref="XK_BEAM_4000" unit="pcs" length_mm="4000" /></Platform><Platform type="CURVE" description="XK Curve Conveyor"><Component category="CHAIN" partref="XK_CHAIN" unit="m" /><Component category="SLIDE" partref="XK_SLIDE" unit="m" /><Component category="SUPPORT" partref="XK_SUPPORT" unit="pcs" /><Component category="BEAM" partref="XK_BEAM_3000" unit="pcs" length_mm="3000" /><Component category="BEAM" partref="XK_BEAM_4000" unit="pcs" length_mm="4000" /><Component category="CURVE_WHEEL" partref="XK_CURVE_WHEEL" unit="pcs" /></Platform><Platform type="INCLINE" description="XK Incline Conveyor"><Component category="CHAIN" partref="XK_CHAIN" unit="m" /><Component category="SLIDE" partref="XK_SLIDE" unit="m" /><Component category="SUPPORT" partref="XK_SUPPORT" unit="pcs" /><Component category="BEAM" partref="XK_BEAM_3000" unit="pcs" length_mm="3000" /><Component category="BEAM" partref="XK_BEAM_4000" unit="pcs" length_mm="4000" /><Component category="GUIDE_RAIL" partref="XK_GUIDE_RAIL" unit="m" /></Platform><Platform type="ACCUMULATION" description="XK Accumulation Conveyor"><Component category="CHAIN" partref="XK_CHAIN" unit="m" /><Component category="SLIDE" partref="XK_SLIDE" unit="m" /><Component category="SUPPORT" partref="XK_SUPPORT" unit="pcs" /><Component category="BEAM" partref="XK_BEAM_3000" unit="pcs" length_mm="3000" /><Component category="BEAM" partref="XK_BEAM_4000" unit="pcs" length_mm="4000" /><Component category="ACCUMULATION_MODULE" partref="XK_ACCUM_MODULE" unit="set" /></Platform><Platform type="MERGING" description="XK Merging Conveyor"><Component category="CHAIN" partref="XK_CHAIN" unit="m" /><Component category="SLIDE" partref="XK_SLIDE" unit="m" /><Component category="SUPPORT" partref="XK_SUPPORT" unit="pcs" /><Component category="BEAM" partref="XK_BEAM_3000" unit="pcs" length_mm="3000" /><Component category="BEAM" partref="XK_BEAM_4000" unit="pcs" length_mm="4000" /><Component category="TRANSFER_MODULE" partref="XK_TRANSFER" unit="set" /></Platform><Platform type="DIVERTING" description="XK Diverting Conveyor"><Component category="CHAIN" partref="XK_CHAIN" unit="m" /><Component category="SLIDE" partref="XK_SLIDE" unit="m" /><Component category="SUPPORT" partref="XK_SUPPORT" unit="pcs" /><Component category="BEAM" partref="XK_BEAM_3000" unit="pcs" length_mm="3000" /><Component category="BEAM" partref="XK_BEAM_4000" unit="pcs" length_mm="4000" /><Component category="TRANSFER_MODULE" partref="XK_TRANSFER" unit="set" /></Platform></Family><Family name="XH"><Platform type="STRAIGHT" description="XH Straight Conveyor"><Component category="CHAIN" partref="XH_CHAIN" unit="m" /><Component category="SLIDE" partref="XH_SLIDE" unit="m" /><Component category="SUPPORT" partref="XH_SUPPORT" unit="pcs" /><Component category="BEAM" partref="XH_BEAM_3000" unit="pcs" length_mm="3000" /><Component category="BEAM" partref="XH_BEAM_4000" unit="pcs" length_mm="4000" /></Platform><Platform type="CURVE" description="XH Curve Conveyor"><Component category="CHAIN" partref="XH_CHAIN" unit="m" /><Component category="SLIDE" partref="XH_SLIDE" unit="m" /><Component category="SUPPORT" partref="XH_SUPPORT" unit="pcs" /><Component category="BEAM" partref="XH_BEAM_3000" unit="pcs" length_mm="3000" /><Component category="BEAM" partref="XH_BEAM_4000" unit="pcs" length_mm="4000" /><Component category="CURVE_WHEEL" partref="XH_CURVE_WHEEL" unit="pcs" /></Platform><Platform type="INCLINE" description="XH Incline Conveyor"><Component category="CHAIN" partref="XH_CHAIN" unit="m" /><Component category="SLIDE" partref="XH_SLIDE" unit="m" /><Component category="SUPPORT" partref="XH_SUPPORT" unit="pcs" /><Component category="BEAM" partref="XH_BEAM_3000" unit="pcs" length_mm="3000" /><Component category="BEAM" partref="XH_BEAM_4000" unit="pcs" length_mm="4000" /><Component category="GUIDE_RAIL" partref="XH_GUIDE_RAIL" unit="m" /></Platform><Platform type="ACCUMULATION" description="XH Accumulation Conveyor"><Component category="CHAIN" partref="XH_CHAIN" unit="m" /><Component category="SLIDE" partref="XH_SLIDE" unit="m" /><Component category="SUPPORT" partref="XH_SUPPORT" unit="pcs" /><Component category="BEAM" partref="XH_BEAM_3000" unit="pcs" length_mm="3000" /><Component category="BEAM" partref="XH_BEAM_4000" unit="pcs" length_mm="4000" /><Component category="ACCUMULATION_MODULE" partref="XH_ACCUM_MODULE" unit="set" /></Platform><Platform type="SPIRAL" description="XH Spiral Conveyor"><Component category="CHAIN" partref="XH_CHAIN" unit="m" /><Component category="SLIDE" partref="XH_SLIDE" unit="m" /><Component category="SUPPORT" partref="XH_SUPPORT" unit="pcs" /><Component category="BEAM" partref="XH_BEAM_3000" unit="pcs" length_mm="3000" /><Component category="BEAM" partref="XH_BEAM_4000" unit="pcs" length_mm="4000" /><Component category="CURVE_WHEEL" partref="XH_CURVE_WHEEL" unit="pcs" /></Platform><Platform type="MERGING" description="XH Merging Conveyor"><Component category="CHAIN" partref="XH_CHAIN" unit="m" /><Component category="SLIDE" partref="XH_SLIDE" unit="m" /><Component category="SUPPORT" partref="XH_SUPPORT" unit="pcs" /><Component category="BEAM" partref="XH_BEAM_3000" unit="pcs" length_mm="3000" /><Component category="BEAM" partref="XH_BEAM_4000" unit="pcs" length_mm="4000" /><Component category="TRANSFER_MODULE" partref="XH_TRANSFER" unit="set" /></Platform><Platform type="DIVERTING" description="XH Diverting Conveyor"><Component category="CHAIN" partref="XH_CHAIN" unit="m" /><Component category="SLIDE" partref="XH_SLIDE" unit="m" /><Component category="SUPPORT" partref="XH_SUPPORT" unit="pcs" /><Component category="BEAM" partref="XH_BEAM_3000" unit="pcs" length_mm="3000" /><Component category="BEAM" partref="XH_BEAM_4000" unit="pcs" length_mm="4000" /><Component category="TRANSFER_MODULE" partref="XH_TRANSFER" unit="set" /></Platform></Family><Family name="WL"><Platform type="STRAIGHT" description="WL Straight Conveyor"><Component category="CHAIN" partref="WL_CHAIN" unit="m" /><Component category="SLIDE" partref="WL_SLIDE" unit="m" /><Component category="SUPPORT" partref="WL_SUPPORT" unit="pcs" /><Component category="BEAM" partref="WL_BEAM_3000" unit="pcs" length_mm="3000" /><Component category="BEAM" partref="WL_BEAM_4000" unit="pcs" length_mm="4000" /></Platform><Platform type="CURVE" description="WL Curve Conveyor"><Component category="CHAIN" partref="WL_CHAIN" unit="m" /><Component category="SLIDE" partref="WL_SLIDE" unit="m" /><Component category="SUPPORT" partref="WL_SUPPORT" unit="pcs" /><Component category="BEAM" partref="WL_BEAM_3000" unit="pcs" length_mm="3000" /><Component category="BEAM" partref="WL_BEAM_4000" unit="pcs" length_mm="4000" /><Component category="CURVE_WHEEL" partref="WL_CURVE_WHEEL" unit="pcs" /></Platform><Platform type="ACCUMULATION" description="WL Accumulation Conveyor"><Component category="CHAIN" partref="WL_CHAIN" unit="m" /><Component category="SLIDE" partref="WL_SLIDE" unit="m" /><Component category="SUPPORT" partref="WL_SUPPORT" unit="pcs" /><Component category="BEAM" partref="WL_BEAM_3000" unit="pcs" length_mm="3000" /><Component category="BEAM" partref="WL_BEAM_4000" unit="pcs" length_mm="4000" /><Component category="ACCUMULATION_MODULE" partref="WL_ACCUM_MODULE" unit="set" /></Platform><Platform type="MERGING" description="WL Merging Conveyor"><Component category="CHAIN" partref="WL_CHAIN" unit="m" /><Component category="SLIDE" partref="WL_SLIDE" unit="m" /><Component category="SUPPORT" partref="WL_SUPPORT" unit="pcs" /><Component category="BEAM" partref="WL_BEAM_3000" unit="pcs" length_mm="3000" /><Component category="BEAM" partref="WL_BEAM_4000" unit="pcs" length_mm="4000" /><Component category="TRANSFER_MODULE" partref="WL_TRANSFER" unit="set" /></Platform><Platform type="DIVERTING" description="WL Diverting Conveyor"><Component category="CHAIN" partref="WL_CHAIN" unit="m" /><Component category="SLIDE" partref="WL_SLIDE" unit="m" /><Component category="SUPPORT" partref="WL_SUPPORT" unit="pcs" /><Component category="BEAM" partref="WL_BEAM_3000" unit="pcs" length_mm="3000" /><Component category="BEAM" partref="WL_BEAM_4000" unit="pcs" length_mm="4000" /><Component category="TRANSFER_MODULE" partref="WL_TRANSFER" unit="set" /></Platform></Family><Family name="XT"><Platform type="STRAIGHT" description="XT Straight Conveyor"><Component category="CHAIN" partref="XT_CHAIN" unit="m" /><Component category="SLIDE" partref="XT_SLIDE" unit="m" /><Component category="SUPPORT" partref="XT_SUPPORT" unit="pcs" /><Component category="BEAM" partref="XT_BEAM_3000" unit="pcs" length_mm="3000" /><Component category="BEAM" partref="XT_BEAM_4000" unit="pcs" length_mm="4000" /></Platform><Platform type="CURVE" description="XT Curve Conveyor"><Component category="CHAIN" partref="XT_CHAIN" unit="m" /><Component category="SLIDE" partref="XT_SLIDE" unit="m" /><Component category="SUPPORT" partref="XT_SUPPORT" unit="pcs" /><Component category="BEAM" partref="XT_BEAM_3000" unit="pcs" length_mm="3000" /><Component category="BEAM" partref="XT_BEAM_4000" unit="pcs" length_mm="4000" /><Component category="CURVE_WHEEL" partref="XT_CURVE_WHEEL" unit="pcs" /></Platform><Platform type="INCLINE" description="XT Incline Conveyor"><Component category="CHAIN" partref="XT_CHAIN" unit="m" /><Component category="SLIDE" partref="XT_SLIDE" unit="m" /><Component category="SUPPORT" partref="XT_SUPPORT" unit="pcs" /><Component category="BEAM" partref="XT_BEAM_3000" unit="pcs" length_mm="3000" /><Component category="BEAM" partref="XT_BEAM_4000" unit="pcs" length_mm="4000" /><Component category="GUIDE_RAIL" partref="XT_GUIDE_RAIL" unit="m" /></Platform><Platform type="ACCUMULATION" description="XT Accumulation Conveyor"><Component category="CHAIN" partref="XT_CHAIN" unit="m" /><Component category="SLIDE" partref="XT_SLIDE" unit="m" /><Component category="SUPPORT" partref="XT_SUPPORT" unit="pcs" /><Component category="BEAM" partref="XT_BEAM_3000" unit="pcs" length_mm="3000" /><Component category="BEAM" partref="XT_BEAM_4000" unit="pcs" length_mm="4000" /><Component category="ACCUMULATION_MODULE" partref="XT_ACCUM_MODULE" unit="set" /></Platform><Platform type="HYGIENIC" description="XT Hygienic Conveyor"><Component category="CHAIN" partref="XT_CHAIN" unit="m" /><Component category="SLIDE" partref="XT_SLIDE" unit="m" /><Component category="SUPPORT" partref="XT_SUPPORT" unit="pcs" /><Component category="BEAM" partref="XT_BEAM_3000" unit="pcs" length_mm="3000" /><Component category="BEAM" partref="XT_BEAM_4000" unit="pcs" length_mm="4000" /><Component category="STAINLESS_FRAME" partref="XT_SS_FRAME" unit="pcs" /></Platform></Family><Family name="X300"><Platform type="STRAIGHT" description="X300 Straight Conveyor"><Component category="CHAIN" partref="X300_CHAIN" unit="m" /><Component category="SLIDE" partref="X300_SLIDE" unit="m" /><Component category="SUPPORT" partref="X300_SUPPORT" unit="pcs" /><Component category="BEAM" partref="X300_BEAM_3000" unit="pcs" length_mm="3000" /><Component category="BEAM" partref="X300_BEAM_4000" unit="pcs" length_mm="4000" /></Platform><Platform type="CURVE" description="X300 Curve Conveyor"><Component category="CHAIN" partref="X300_CHAIN" unit="m" /><Component category="SLIDE" partref="X300_SLIDE" unit="m" /><Component category="SUPPORT" partref="X300_SUPPORT" unit="pcs" /><Component category="BEAM" partref="X300_BEAM_3000" unit="pcs" length_mm="3000" /><Component category="BEAM" partref="X300_BEAM_4000" unit="pcs" length_mm="4000" /><Component category="CURVE_WHEEL" partref="X300_CURVE_WHEEL" unit="pcs" /></Platform><Platform type="INCLINE" description="X300 Incline Conveyor"><Component category="CHAIN" partref="X300_CHAIN" unit="m" /><Component category="SLIDE" partref="X300_SLIDE" unit="m" /><Component category="SUPPORT" partref="X300_SUPPORT" unit="pcs" /><Component category="BEAM" partref="X300_BEAM_3000" unit="pcs" length_mm="3000" /><Component category="BEAM" partref="X300_BEAM_4000" unit="pcs" length_mm="4000" /><Component category="GUIDE_RAIL" partref="X300_GUIDE_RAIL" unit="m" /></Platform><Platform type="ACCUMULATION" description="X300 Accumulation Conveyor"><Component category="CHAIN" partref="X300_CHAIN" unit="m" /><Component category="SLIDE" partref="X300_SLIDE" unit="m" /><Component category="SUPPORT" partref="X300_SUPPORT" unit="pcs" /><Component category="BEAM" partref="X300_BEAM_3000" unit="pcs" length_mm="3000" /><Component category="BEAM" partref="X300_BEAM_4000" unit="pcs" length_mm="4000" /><Component category="ACCUMULATION_MODULE" partref="X300_ACCUM_MODULE" unit="set" /></Platform></Family></FlexLinkLibrary>