<Tools>
  <Tool>
    <Id>BOM_MED</Id>
    <Name>BOM MEDTRONIC</Name>
    <Description>Enterprise BOM for Medtronic</Description>
    <MacroPath>C:\CPS\Macros\BOM_Medtronic.swp</MacroPath>
    <GuidePath>C:\CPS\Guides\BOM_Medtronic.pdf</GuidePath>
    <Enabled>true</Enabled>
  </Tool>

  <Tool>
    <Id>PDF_MERGE</Id>
    <Name>PDF MERGE</Name>
    <Description>Hierarchical drawing merge</Description>
    <MacroPath>C:\CPS\Macros\PDF_Merge.exe</MacroPath>
    <GuidePath>C:\CPS\Guides\PDF_Merge.pdf</GuidePath>
    <Enabled>true</Enabled>
  </Tool>
</Tools>

<Macro slot="1">
  <Name>My Macro</Name>
  <Tooltip>This exports BOM</Tooltip>
  <File>...</File>
  <Module>Module1</Module>
  <Method>main</Method>
</Macro>
